Narayana Health,Yukon Choice PC,2.75mm,B114,S1087,31/01/29,27/03/30
Narayana Health,Resolute Onyx,3.0mm,B114,S1081,10/11/26,05/02/30
Fortis Gurgaon,Yukon Choice PC,2.5mm,B103,S1022,16/01/25,03/06/30
AIIMS Delhi,Ultimaster Nagomi,2.75mm,B118,S1016,30/07/30,06/11/29
AIIMS Delhi,BioMatrix Alpha,3.0mm,B128,S1171,28/09/28,15/04/28
Medanta Medicity,MiStent SES,3.0mm,B112,S1027,25/06/30,05/11/30
Max Saket,Promus Premier,4.0mm,B116,S1058,19/03/25,18/12/29
Kokilaben Dhirubhai,Ultimaster Nagomi,2.5mm,B125,S1072,09/06/30,08/04/29
Narayana Health,Supraflex Cruz,3.5mm,B120,S1173,30/03/30,23/02/28
Lilavati Hospital,Orsiro Mission,2.5mm,B106,S1070,19/06/27,26/11/29
Manipal Hospital,Xience Alpine,2.75mm,B128,S1037,08/05/30,31/03/30
AIIMS Delhi,Promus Premier,4.0mm,B121,S1008,10/01/25,22/12/30
Max Saket,BioMatrix Alpha,3.25mm,B115,S1088,06/10/25,27/01/30
Medanta Medicity,Ultimaster Nagomi,3.5mm,B120,S1022,03/08/24,14/11/28
Fortis Gurgaon,MiStent SES,2.5mm,B122,S1021,19/01/27,26/06/30
Narayana Health,Yukon Choice PC,3.5mm,B115,S1107,23/01/27,17/03/29
Kokilaben Dhirubhai,Resolute Onyx,3.0mm,B114,S1029,06/03/27,23/09/30
Kokilaben Dhirubhai,Orsiro Mission,2.5mm,B108,S1102,20/09/30,22/04/28
Apollo Hospital,Synergy Megatron,3.0mm,B107,S1197,16/07/25,07/06/29
Medanta Medicity,Ultimaster Nagomi,2.5mm,B101,S1128,29/10/28,25/12/28
Fortis Gurgaon,BioMatrix Alpha,3.5mm,B123,S1059,11/08/29,26/12/29
AIIMS Delhi,BioMatrix Alpha,4.0mm,B102,S1112,17/03/24,30/07/30
AIIMS Delhi,Ultimaster Nagomi,3.5mm,B114,S1147,14/07/28,05/05/30
Medanta Medicity,Resolute Onyx,3.25mm,B101,S1084,04/12/25,31/07/30
Manipal Hospital,Resolute Onyx,3.25mm,B128,S1028,23/09/26,11/06/30
Lilavati Hospital,BioMatrix Alpha,3.5mm,B103,S1102,24/06/27,26/11/29
Max Saket,Ultimaster Nagomi,2.75mm,B103,S1131,12/04/25,22/12/30
Kokilaben Dhirubhai,Synergy Megatron,3.0mm,B112,S1187,27/08/25,28/04/29
AIIMS Delhi,Promus Premier,3.0mm,B107,S1045,03/10/30,09/11/28
AIIMS Delhi,Promus Premier,4.0mm,B116,S1119,28/04/30,08/07/30
Lilavati Hospital,MiStent SES,3.0mm,B128,S1161,18/07/27,05/11/28
Sir Ganga Ram,Resolute Onyx,3.25mm,B115,S1162,25/05/27,16/07/29
Lilavati Hospital,Xience Alpine,3.0mm,B117,S1019,25/06/27,03/08/30
Sir Ganga Ram,Xience Alpine,2.5mm,B112,S1074,10/11/24,03/07/28
Lilavati Hospital,MiStent SES,3.5mm,B113,S1119,05/07/30,25/03/28
Sir Ganga Ram,MiStent SES,4.0mm,B107,S1083,14/10/30,01/09/30
Kokilaben Dhirubhai,Promus Premier,2.5mm,B115,S1027,07/11/27,21/06/28
Kokilaben Dhirubhai,Promus Premier,2.5mm,B108,S1182,28/11/28,18/06/30
Kokilaben Dhirubhai,Supraflex Cruz,3.5mm,B106,S1094,07/03/28,02/08/29
Narayana Health,BioMatrix Alpha,3.0mm,B122,S1154,02/08/24,16/11/29
AIIMS Delhi,Ultimaster Nagomi,2.5mm,B118,S1174,02/05/28,04/08/29
Medanta Medicity,MiStent SES,2.75mm,B111,S1021,14/07/30,16/10/28
Manipal Hospital,Orsiro Mission,4.0mm,B123,S1170,24/05/28,21/09/28
Lilavati Hospital,Resolute Onyx,3.0mm,B118,S1097,07/09/27,18/09/28
Kokilaben Dhirubhai,Resolute Onyx,4.0mm,B122,S1109,13/09/29,11/01/30
Apollo Hospital,Ultimaster Nagomi,3.0mm,B106,S1055,31/10/27,22/09/30
Max Saket,Synergy Megatron,2.75mm,B105,S1020,26/04/27,26/07/28
Kokilaben Dhirubhai,Supraflex Cruz,4.0mm,B129,S1135,03/06/24,20/11/29
Lilavati Hospital,Promus Premier,3.5mm,B113,S1040,26/10/25,05/01/29
Lilavati Hospital,Promus Premier,4.0mm,B115,S1012,09/08/28,16/01/30
Max Saket,Yukon Choice PC,3.5mm,B110,S1193,12/01/29,24/04/29
Kokilaben Dhirubhai,Synergy Megatron,3.0mm,B126,S1121,05/03/26,23/01/30
Lilavati Hospital,Yukon Choice PC,3.25mm,B125,S1073,13/04/28,26/10/30
Kokilaben Dhirubhai,BioMatrix Alpha,2.75mm,B127,S1052,12/10/30,10/10/28
Medanta Medicity,Xience Alpine,4.0mm,B116,S1096,21/03/30,29/07/28
Kokilaben Dhirubhai,Resolute Onyx,3.0mm,B103,S1196,18/10/25,12/07/29
Sir Ganga Ram,Supraflex Cruz,2.75mm,B127,S1112,10/01/25,30/03/29
Sir Ganga Ram,Ultimaster Nagomi,2.5mm,B114,S1014,11/06/28,25/10/30
Manipal Hospital,Synergy Megatron,3.25mm,B103,S1096,08/07/26,27/02/28
Manipal Hospital,Resolute Onyx,4.0mm,B121,S1086,21/08/25,08/10/28
Apollo Hospital,Orsiro Mission,3.25mm,B123,S1036,05/04/29,07/07/30
Lilavati Hospital,Xience Alpine,2.5mm,B101,S1066,02/06/26,02/11/28
Kokilaben Dhirubhai,MiStent SES,3.5mm,B114,S1029,26/03/27,01/05/29
Medanta Medicity,Resolute Onyx,2.5mm,B108,S1108,26/12/30,25/07/30
AIIMS Delhi,Resolute Onyx,3.25mm,B120,S1138,08/03/24,21/11/30
Lilavati Hospital,Synergy Megatron,4.0mm,B105,S1075,24/10/28,04/01/28
Lilavati Hospital,Ultimaster Nagomi,2.75mm,B119,S1107,06/02/26,24/06/28
Kokilaben Dhirubhai,Ultimaster Nagomi,2.5mm,B117,S1140,09/09/29,05/11/30
Kokilaben Dhirubhai,Xience Alpine,3.25mm,B128,S1121,27/06/24,03/03/30
Manipal Hospital,Orsiro Mission,4.0mm,B101,S1092,03/10/24,07/12/29
Max Saket,Resolute Onyx,3.5mm,B124,S1194,23/09/27,30/09/28
Apollo Hospital,Ultimaster Nagomi,3.5mm,B111,S1165,18/12/25,09/08/30
Sir Ganga Ram,Promus Premier,2.75mm,B103,S1184,17/02/29,16/03/28
Medanta Medicity,Synergy Megatron,2.5mm,B126,S1052,20/06/24,08/10/29
Medanta Medicity,Supraflex Cruz,3.25mm,B127,S1140,23/04/29,02/06/29
Apollo Hospital,Synergy Megatron,3.0mm,B112,S1013,21/09/27,13/07/29
AIIMS Delhi,Ultimaster Nagomi,3.25mm,B129,S1103,06/12/28,02/03/30
Manipal Hospital,Promus Premier,3.25mm,B123,S1128,13/02/28,29/11/30
Medanta Medicity,Resolute Onyx,4.0mm,B114,S1021,29/10/28,04/01/29
Kokilaben Dhirubhai,Orsiro Mission,3.0mm,B104,S1021,05/09/27,28/08/29
Medanta Medicity,Yukon Choice PC,3.5mm,B123,S1110,13/11/25,28/06/30
Manipal Hospital,Yukon Choice PC,2.5mm,B124,S1091,23/11/30,09/06/30
Medanta Medicity,Xience Alpine,2.5mm,B122,S1164,21/07/28,14/01/30
Kokilaben Dhirubhai,Promus Premier,2.5mm,B105,S1156,29/11/28,12/03/28
Fortis Gurgaon,Resolute Onyx,2.75mm,B125,S1166,09/02/28,11/01/30
Narayana Health,MiStent SES,2.5mm,B120,S1040,16/01/29,29/01/30
Manipal Hospital,Yukon Choice PC,2.5mm,B119,S1036,08/12/29,21/01/30
Narayana Health,Ultimaster Nagomi,4.0mm,B109,S1064,09/04/25,23/02/28
Fortis Gurgaon,Yukon Choice PC,3.5mm,B113,S1144,27/04/25,20/06/29
Medanta Medicity,Yukon Choice PC,2.75mm,B120,S1074,04/07/29,13/02/29
AIIMS Delhi,Promus Premier,2.5mm,B115,S1045,28/12/28,28/06/28
Manipal Hospital,Ultimaster Nagomi,4.0mm,B103,S1141,29/01/30,17/08/29
Medanta Medicity,Promus Premier,4.0mm,B123,S1180,14/12/25,10/01/30
Kokilaben Dhirubhai,Synergy Megatron,2.5mm,B107,S1036,27/08/26,08/10/30
Apollo Hospital,Ultimaster Nagomi,3.5mm,B119,S1095,29/03/29,22/09/28
Lilavati Hospital,Resolute Onyx,2.5mm,B110,S1102,14/05/29,12/12/30
Narayana Health,BioMatrix Alpha,3.5mm,B103,S1033,22/07/27,31/05/28
Sir Ganga Ram,Yukon Choice PC,4.0mm,B117,S1089,09/06/25,07/01/29
Fortis Gurgaon,BioMatrix Alpha,3.5mm,B128,S1015,23/05/25,27/11/30
Fortis Gurgaon,Orsiro Mission,2.75mm,B106,S1083,12/07/26,09/12/29