MiStent SES,2.5mm,B120,S1021,2028-09-13,2030-12-06,,,,,,,
Ultimaster Nagomi,3.0mm,B107,S1172,2027-07-10,2029-05-03,,,,,,,
Orsiro Mission,3.25mm,B105,S1172,2027-05-13,2030-07-25,,,,,,,
Ultimaster Nagomi,2.5mm,B101,S1118,2030-12-19,2028-07-23,,,,,,,
Resolute Onyx,3.5mm,B107,S1130,2026-12-22,2028-09-28,,,,,,,
Ultimaster Nagomi,2.5mm,B129,S1063,2028-02-22,2029-08-06,,,,,,,
Promus Premier,3.25mm,B127,S1140,2027-05-24,2030-12-19,,,,,,,
Xience Alpine,4.0mm,B127,S1142,2027-05-11,2028-07-31,,,,,,,
Promus Premier,3.0mm,B104,S1028,2030-03-16,2028-11-14,,,,,,,
Orsiro Mission,3.0mm,B120,S1054,2027-11-05,2029-02-20,,,,,,,
Orsiro Mission,3.5mm,B116,S1065,2024-07-27,2028-07-08,,,,,,,
BioMatrix Alpha,3.0mm,B102,S1001,2027-09-28,2028-09-24,,,,,,,
Orsiro Mission,2.75mm,B124,S1114,2030-03-09,2030-05-25,,,,,,,
Supraflex Cruz,2.5mm,B104,S1020,2025-09-02,2028-03-14,,,,,,,
Ultimaster Nagomi,3.5mm,B118,S1038,2028-10-26,2028-09-18,,,,,,,
Xience Alpine,3.0mm,B112,S1011,2028-01-05,2029-03-06,,,,,,,
Synergy Megatron,4.0mm,B104,S1091,2030-04-12,2030-04-12,,,,,,,
MiStent SES,4.0mm,B105,S1061,2025-10-27,2028-12-28,,,,,,,
BioMatrix Alpha,2.5mm,B106,S1189,2027-09-22,2030-04-23,,,,,,,
Synergy Megatron,3.0mm,B106,S1180,2025-03-18,2030-02-22,,,,,,,
Xience Alpine,3.25mm,B108,S1052,2029-02-28,2029-12-17,,,,,,,
Orsiro Mission,2.75mm,B108,S1007,2026-03-02,2030-03-27,,,,,,,
Ultimaster Nagomi,3.0mm,B128,S1018,2027-02-17,2029-12-20,,,,,,,
Supraflex Cruz,3.25mm,B122,S1138,2027-09-18,2028-02-26,,,,,,,
Resolute Onyx,3.0mm,B106,S1149,2026-12-23,2028-03-19,,,,,,,
Resolute Onyx,3.5mm,B114,S1089,2027-07-08,2030-06-12,,,,,,,
MiStent SES,3.5mm,B104,S1099,2030-06-19,2029-01-24,,,,,,,
Orsiro Mission,2.5mm,B123,S1112,2024-01-07,2030-11-30,,,,,,,
Supraflex Cruz,4.0mm,B124,S1190,2026-03-18,2030-01-15,,,,,,,
BioMatrix Alpha,2.5mm,B122,S1085,2030-12-27,2029-10-04,,,,,,,
Resolute Onyx,4.0mm,B129,S1077,2029-09-08,2029-09-25,,,,,,,
BioMatrix Alpha,3.0mm,B113,S1179,2027-04-26,2028-09-17,,,,,,,
Synergy Megatron,3.25mm,B122,S1098,2025-12-13,2029-09-08,,,,,,,
BioMatrix Alpha,3.5mm,B127,S1001,2027-05-29,2029-08-10,,,,,,,
Synergy Megatron,3.25mm,B126,S1149,2030-10-20,2029-10-21,,,,,,,
Yukon Choice PC,3.25mm,B115,S1173,2026-05-25,2030-11-12,,,,,,,
Yukon Choice PC,4.0mm,B106,S1169,2024-12-13,2029-08-04,,,,,,,
Supraflex Cruz,4.0mm,B121,S1159,2027-10-04,2028-07-10,,,,,,,
Synergy Megatron,4.0mm,B110,S1058,2026-03-26,2028-10-28,,,,,,,
Xience Alpine,2.5mm,B108,S1122,2030-11-08,2028-05-29,,,,,,,
Yukon Choice PC,3.25mm,B129,S1162,2030-06-15,2029-02-02,,,,,,,
BioMatrix Alpha,3.25mm,B113,S1063,2025-08-27,2028-01-12,,,,,,,
Resolute Onyx,3.25mm,B108,S1046,2029-10-22,2030-08-09,,,,,,,
Xience Alpine,3.5mm,B108,S1032,2029-02-12,2028-09-30,,,,,,,
Yukon Choice PC,4.0mm,B117,S1144,2030-09-04,2029-10-11,,,,,,,
Yukon Choice PC,3.5mm,B127,S1185,2029-08-29,2030-05-23,,,,,,,
Supraflex Cruz,3.25mm,B129,S1041,2029-04-28,2030-07-10,,,,,,,
Orsiro Mission,2.75mm,B127,S1164,2027-02-09,2030-12-03,,,,,,,
Yukon Choice PC,4.0mm,B108,S1071,2028-12-06,2028-06-07,,,,,,,
Orsiro Mission,2.75mm,B109,S1086,2027-08-02,2028-06-14,,,,,,,
Promus Premier,2.75mm,B108,S1099,2025-09-17,2029-03-14,,,,,,,
Resolute Onyx,3.25mm,B114,S1085,2030-01-31,2030-08-12,,,,,,,
BioMatrix Alpha,2.5mm,B107,S1108,2028-05-14,2028-02-10,,,,,,,
MiStent SES,3.25mm,B116,S1002,2027-12-11,2029-09-03,,,,,,,
BioMatrix Alpha,3.25mm,B118,S1192,2030-02-14,2029-03-27,,,,,,,
Yukon Choice PC,2.75mm,B109,S1112,2029-06-12,2028-02-29,,,,,,,
BioMatrix Alpha,3.0mm,B122,S1174,2028-07-14,2028-12-04,,,,,,,
Yukon Choice PC,2.75mm,B120,S1137,2024-04-20,2030-03-17,,,,,,,
MiStent SES,3.5mm,B122,S1007,2024-12-09,2030-05-27,,,,,,,
Promus Premier,3.25mm,B106,S1013,2026-12-01,2030-02-15,,,,,,,
Dr. Rohan Verma,Max Saket,Ishaan Mehta,61420,IPD6529,CATH879,BNO488,Orsiro Mission,3.25mm,B109,S1021,2029-04-10,2028-02-09
Dr. Kiran Patel,Apollo Hospital,Anaya Reddy,54694,IPD2124,CATH899,BNO767,Xience Alpine,2.5mm,B108,S1052,2024-03-24,2028-11-08
Dr. Priya Nair,Fortis Gurgaon,Riya Sharma,47496,IPD4571,CATH576,BNO816,Orsiro Mission,3.0mm,B106,S1156,2030-10-23,2028-08-22
Dr. Anil Sharma,Medanta Medicity,Vivaan Sharma,77924,IPD1420,CATH419,BNO689,BioMatrix Alpha,3.25mm,B123,S1051,2024-11-07,2029-05-12
Dr. Neha Kapoor,Medanta Medicity,Arnav Sharma,79348,IPD2983,CATH915,BNO679,Xience Alpine,3.0mm,B118,S1110,2028-02-26,2028-05-21
Dr. Kiran Patel,Manipal Hospital,Aarav Sharma,67528,IPD9031,CATH208,BNO543,Ultimaster Nagomi,4.0mm,B129,S1118,2025-09-18,2030-06-10
Dr. Anil Sharma,Kokilaben Dhirubhai,Advait Mehta,57700,IPD9817,CATH893,BNO595,Yukon Choice PC,3.25mm,B127,S1188,2030-08-23,2029-07-03
Dr. Rohan Verma,Max Saket,Meera Mehta,45679,IPD5569,CATH561,BNO349,Yukon Choice PC,3.5mm,B120,S1172,2028-04-01,2029-11-19
Dr. Rajesh Mehta,Sir Ganga Ram,Arnav Sharma,61300,IPD3979,CATH599,BNO317,Ultimaster Nagomi,3.0mm,B111,S1072,2030-09-07,2029-07-19
Dr. Kiran Patel,Apollo Hospital,Riya Singh,52521,IPD2402,CATH347,BNO837,BioMatrix Alpha,3.25mm,B118,S1195,2026-09-11,2030-09-02
Dr. Arjun Singh,Sir Ganga Ram,Meera Nair,41130,IPD2524,CATH401,BNO326,BioMatrix Alpha,4.0mm,B108,S1079,2030-07-10,2030-01-25
Dr. Arjun Singh,Kokilaben Dhirubhai,Riya Singh,62528,IPD7971,CATH863,BNO663,Ultimaster Nagomi,3.0mm,B123,S1117,2027-01-14,2029-09-19
Dr. Amit Gupta,Max Saket,Vivaan Patel,52621,IPD6169,CATH222,BNO860,Supraflex Cruz,4.0mm,B106,S1050,2026-06-05,2030-09-18
Dr. Amit Gupta,Lilavati Hospital,Meera Sharma,74382,IPD5636,CATH202,BNO952,Synergy Megatron,3.0mm,B108,S1093,2026-01-04,2029-09-11
Dr. Rajesh Mehta,Kokilaben Dhirubhai,Vivaan Nair,57977,IPD1745,CATH155,BNO666,Orsiro Mission,4.0mm,B105,S1164,2029-07-03,2028-07-29
Dr. Rajesh Mehta,Lilavati Hospital,Anaya Sharma,70762,IPD8843,CATH551,BNO448,Promus Premier,2.5mm,B109,S1123,2025-04-12,2028-05-13
Dr. Sneha Reddy,Sir Ganga Ram,Aarav Reddy,77815,IPD1878,CATH255,BNO252,MiStent SES,3.0mm,B103,S1064,2025-04-30,2030-05-02
Dr. Deepa Rao,Lilavati Hospital,Meera Nair,54790,IPD9561,CATH489,BNO561,Yukon Choice PC,3.0mm,B128,S1151,2028-10-22,2029-09-17
Dr. Deepa Rao,Lilavati Hospital,Aarav Singh,79952,IPD2625,CATH881,BNO312,Synergy Megatron,3.0mm,B122,S1021,2025-10-05,2029-05-06
Dr. Anil Sharma,Kokilaben Dhirubhai,Aarav Reddy,50258,IPD1043,CATH518,BNO561,MiStent SES,3.25mm,B110,S1009,2026-08-06,2029-08-13
Dr. Amit Gupta,Sir Ganga Ram,Aarav Reddy,55297,IPD5334,CATH906,BNO910,MiStent SES,4.0mm,B126,S1051,2028-10-07,2028-08-23
Dr. Kiran Patel,Max Saket,Advait Mehta,49764,IPD5352,CATH946,BNO245,Resolute Onyx,2.5mm,B106,S1079,2030-09-03,2029-08-14
Dr. Arjun Singh,AIIMS Delhi,Ishaan Mehta,59928,IPD7594,CATH378,BNO612,Supraflex Cruz,3.25mm,B115,S1021,2030-09-15,2028-03-22
Dr. Sneha Reddy,Manipal Hospital,Advait Nair,56408,IPD1423,CATH193,BNO334,MiStent SES,3.5mm,B101,S1196,2027-01-08,2028-03-23
Dr. Anil Sharma,Sir Ganga Ram,Riya Singh,68981,IPD5557,CATH285,BNO699,BioMatrix Alpha,4.0mm,B127,S1126,2025-01-08,2030-08-20
Dr. Rohan Verma,Narayana Health,Anaya Singh,61040,IPD2713,CATH978,BNO264,Ultimaster Nagomi,3.25mm,B123,S1127,2027-03-26,2030-03-31
Dr. Kiran Patel,Apollo Hospital,Ishaan Mehta,45771,IPD6153,CATH358,BNO431,Resolute Onyx,3.25mm,B128,S1132,2024-01-05,2030-08-04
Dr. Sneha Reddy,Apollo Hospital,Diya Sharma,73976,IPD6927,CATH737,BNO874,Yukon Choice PC,4.0mm,B115,S1195,2024-07-30,2029-02-20
Dr. Amit Gupta,Kokilaben Dhirubhai,Vivaan Nair,58876,IPD8178,CATH815,BNO596,Resolute Onyx,2.5mm,B121,S1156,2026-09-07,2028-11-20
Dr. Amit Gupta,Kokilaben Dhirubhai,Aarav Sharma,76192,IPD7684,CATH195,BNO330,Resolute Onyx,3.25mm,B104,S1166,2025-09-22,2030-10-17
Dr. Amit Gupta,Kokilaben Dhirubhai,Kabir Singh,57919,IPD7807,CATH954,BNO594,Yukon Choice PC,2.75mm,B115,S1142,2025-08-15,2030-02-24
Dr. Priya Nair,Lilavati Hospital,Riya Nair,48946,IPD2143,CATH382,BNO891,BioMatrix Alpha,3.0mm,B126,S1130,2026-12-30,2028-01-06
Dr. Amit Gupta,Medanta Medicity,Meera Mehta,78465,IPD9022,CATH986,BNO252,Yukon Choice PC,3.5mm,B116,S1089,2027-09-23,2030-02-11
Dr. Arjun Singh,Manipal Hospital,Arnav Patel,52363,IPD4912,CATH685,BNO492,Synergy Megatron,3.25mm,B102,S1082,2029-04-21,2030-02-19
Dr. Sneha Reddy,Fortis Gurgaon,Riya Patel,42426,IPD3068,CATH614,BNO704,Ultimaster Nagomi,2.5mm,B128,S1113,2025-02-12,2030-12-13
Dr. Arjun Singh,Apollo Hospital,Kabir Reddy,49447,IPD7717,CATH991,BNO770,Promus Premier,2.5mm,B116,S1068,2027-10-18,2030-03-25
Dr. Neha Kapoor,Manipal Hospital,Arnav Sharma,74971,IPD7226,CATH424,BNO741,Yukon Choice PC,3.5mm,B102,S1159,2024-10-07,2029-04-25
Dr. Amit Gupta,Max Saket,Kabir Mehta,45923,IPD8110,CATH200,BNO878,Resolute Onyx,3.25mm,B106,S1178,2027-05-11,2028-02-29
Dr. Rajesh Mehta,Manipal Hospital,Meera Nair,43677,IPD5806,CATH467,BNO483,BioMatrix Alpha,2.75mm,B108,S1136,2028-08-14,2029-01-03
Dr. Anil Sharma,Fortis Gurgaon,Aarav Mehta,79943,IPD7267,CATH734,BNO799,Synergy Megatron,3.25mm,B119,S1037,2026-08-09,2030-08-02
Dr. Amit Gupta,Sir Ganga Ram,Diya Reddy,40615,IPD8622,CATH394,BNO793,Supraflex Cruz,2.75mm,B103,S1114,2027-11-16,2029-09-04
Dr. Sneha Reddy,Medanta Medicity,Ishaan Mehta,59799,IPD4263,CATH493,BNO973,Yukon Choice PC,2.5mm,B108,S1098,2030-05-31,2030-01-05
Dr. Deepa Rao,Medanta Medicity,Kabir Nair,59348,IPD1359,CATH949,BNO774,BioMatrix Alpha,3.0mm,B101,S1145,2024-07-19,2030-10-14
Dr. Amit Gupta,Max Saket,Advait Nair,63089,IPD4588,CATH751,BNO294,MiStent SES,3.0mm,B122,S1194,2025-07-14,2028-07-17
Dr. Rajesh Mehta,Medanta Medicity,Meera Nair,68889,IPD1546,CATH693,BNO473,Promus Premier,2.5mm,B110,S1084,2028-08-28,2028-12-25
Dr. Priya Nair,Fortis Gurgaon,Meera Nair,75350,IPD6994,CATH643,BNO613,Orsiro Mission,2.75mm,B109,S1124,2027-04-23,2029-11-24
Dr. Neha Kapoor,Sir Ganga Ram,Aarav Reddy,49224,IPD4696,CATH980,BNO792,BioMatrix Alpha,3.5mm,B112,S1024,2028-06-04,2028-01-29
Dr. Amit Gupta,Kokilaben Dhirubhai,Vivaan Patel,69804,IPD7038,CATH788,BNO866,Orsiro Mission,3.5mm,B113,S1164,2028-03-01,2028-08-09
Dr. Priya Nair,Sir Ganga Ram,Aarav Patel,76792,IPD6374,CATH724,BNO326,Resolute Onyx,4.0mm,B127,S1119,2027-05-22,2030-04-16
Dr. Neha Kapoor,Fortis Gurgaon,Aarav Nair,42438,IPD5986,CATH604,BNO218,Resolute Onyx,2.75mm,B129,S1138,2025-07-09,2030-03-06
Dr. Arjun Singh,Manipal Hospital,Kabir Sharma,75402,IPD7866,CATH701,BNO860,Promus Premier,3.25mm,B121,S1026,2029-06-27,2030-04-15
Dr. Amit Gupta,Apollo Hospital,Kabir Nair,64283,IPD4559,CATH554,BNO555,Synergy Megatron,3.0mm,B104,S1176,2028-02-13,2030-01-04
Dr. Rajesh Mehta,Narayana Health,Diya Mehta,52439,IPD3001,CATH968,BNO943,Yukon Choice PC,2.5mm,B122,S1055,2030-09-11,2028-02-13
Dr. Rajesh Mehta,Manipal Hospital,Diya Singh,48252,IPD4362,CATH170,BNO949,Supraflex Cruz,2.75mm,B119,S1056,2026-08-12,2029-11-03
Dr. Anil Sharma,Lilavati Hospital,Aarav Sharma,58171,IPD3370,CATH233,BNO653,Orsiro Mission,2.75mm,B104,S1170,2024-04-15,2028-09-26
Dr. Rajesh Mehta,Manipal Hospital,Meera Nair,55593,IPD6304,CATH116,BNO278,Orsiro Mission,2.5mm,B105,S1190,2028-09-20,2030-12-13
Dr. Neha Kapoor,AIIMS Delhi,Riya Sharma,69378,IPD6931,CATH625,BNO707,Resolute Onyx,3.25mm,B117,S1057,2030-11-24,2028-03-29
Dr. Kiran Patel,Medanta Medicity,Ishaan Mehta,42041,IPD1996,CATH590,BNO967,BioMatrix Alpha,3.25mm,B122,S1028,2029-07-01,2030-06-27
Dr. Neha Kapoor,AIIMS Delhi,Anaya Nair,79865,IPD3430,CATH167,BNO229,Orsiro Mission,3.5mm,B121,S1150,2030-02-24,2029-10-27
Dr. Sneha Reddy,Lilavati Hospital,Riya Singh,59326,IPD8433,CATH617,BNO719,BioMatrix Alpha,2.5mm,B126,S1180,2025-04-13,2029-03-16
